Size (sq ft),Price ($)
2153,223960
1335,129710
1263,122224
2231,223043
1533,135414
777,91013
2278,245649
2328,232155
2862,302510
1205,118718
2635,257693
2722,269614
2201,223577
1037,101713
2620,274615
2440,234405
2663,247974
1476,141817
1255,120157
2546,247720
2371,250383
2996,318104
599,48808
2508,230995
1255,115454
1297,134495
1159,125085
923,91508
1139,98093
1044,90907
1214,134837
2792,266928
651,66792
1707,162728
2576,244109
1302,142612
2676,254848
2676,257555
2456,261830
2425,257836
1256,135442
773,84413
2883,271923
888,86872
2141,228413
1966,192456
1388,127247
757,70469
1845,194549
2605,267686
2839,268724
930,82615
591,73130
2420,237527
2946,291385
2089,213587
584,72641
2751,261891
824,77416
1274,120784
1571,150784
1139,98894
2536,253088
1655,164402
1472,129628
1704,187786
2524,234414
1667,180372
2184,210295
873,102313
2377,236415
1060,88266
1829,190868
2105,204839
2717,253332
2199,239364
1972,187198
756,59208
2405,247959
1816,183392
2454,254139
1316,127786
2935,279135
2134,217176
1473,132842
868,71516
2523,253793
701,59461
2931,304084
2036,215673
2430,253605
2918,311592
1055,87572
1454,156695
2571,270961
2223,226467
630,50369
2925,309710
2646,254649
1431,143948
2671,251554
2487,253681
2466,241006
709,82036
1935,199952
586,75156
1372,136998
2559,238992
807,73097
1604,171025
2580,254288
1706,159569
1652,178713
775,93915
1698,180912
2078,227749
1895,207859
1708,181335
2992,283678
2834,269031
1804,190994
1137,103656
1270,138614
594,53967
2399,237557
2404,259182
2844,272603
1852,181390
1107,105613
1934,190002
2998,289411
1772,181066
680,86987
2871,304093
1249,142909
2687,279364
1520,167737
2145,204732
1343,153498
2052,196700
1425,123611
2697,254613
1634,148400
525,69684
1988,217618
1456,131590
2413,237128
1641,164745
1969,215578
2119,194521
2396,242426
1428,152800
2031,211730
2669,275677
1850,179356
969,102620
2835,292714
1025,98512
2363,239025
2220,219963
1676,148135
1091,121866
2589,246489
2822,264168
707,53555
666,52336
2659,269234
1653,173375
2410,228162
716,91408
524,41356
567,63211
1507,140664
2782,276276
2240,215761
2522,272171
791,62704
2250,224718
1522,162449
2580,263503
2140,195241
2760,287568
1662,181254
2218,216041
1945,174611
1123,118477
1270,140369
2063,192786
1741,184773
1321,143634
807,64057
1698,150558
1672,148692
2065,215537
1307,112408
2621,276355
797,91349
1230,127572
2470,251324
2295,211503
2323,231665
929,74244
699,59539
1947,180094
1585,170633
2889,285126
1365,128276
2454,229077
1612,170321
2581,250274
2780,282108
1267,130962
2584,268753
2292,227853
1983,194557
2838,298888
697,85902
1394,120089
2473,260092
1778,170493
1970,178544
636,68888
2737,288100
2677,262025
2757,276991
1892,179811
2839,296930
1900,199070
668,76661
2408,230364
676,55232
2061,190505
823,78672
1008,93042
2322,241733
1553,152425
2277,216023
646,59938
1797,184372
721,54418
2888,276798
1009,111425
2617,249225
1881,169959
1408,148765
1056,111810
1385,152790
1846,189628
2639,267015
923,108033
1467,141167
774,80041
1360,125050
2591,240836
1607,171909
933,93218
1309,138240
2641,260590
1698,180479
1929,210287
701,72220
2511,255998
829,85214
709,80483
2478,262803
1540,141505
2654,252415
664,66723
1106,122212
1715,165327
1719,173910
1831,180425
636,59625
1452,162371
1359,118286
2415,252955
1611,142019
660,76318
2695,276009
1084,92317
1611,154937
2117,230567
1644,160593
2408,248451
1232,126760
1432,141619
781,90622
1300,129325
970,88060
1808,178623
2058,211037
1751,171753
1095,90040
1147,124734
1073,103585
2041,210017
756,88674
1663,172427
1528,157294
2971,292269
848,90509
1806,190987
1086,111921
2344,229749
1506,146773
1239,111527
1373,132704
1286,111326
1814,175736
937,104045
2347,223426
2032,211685
1520,146231
1441,155658
949,103402
2014,218073
1316,135050
2607,261851
2884,274435
2190,225600
2160,203691
663,69207
1445,143717
1630,169550
701,61620
2305,232783
2362,227179
1050,110805
2172,201560
2540,262042
1403,142549
2244,234105
1004,111750
2509,266779
2300,241440
1979,185283
1997,207074
2096,212436
900,96747
780,83886
1528,166595
1504,165226
2853,304500
2891,294849
2066,214114
653,71253
2905,301878
907,75021
1553,163127
1895,189160
1354,145287
507,40773
2685,251038
1351,120911
1900,188780
1432,155113
626,51702
2334,227539
1077,103888
2056,218381
1304,121249
1848,185046
612,64685
2467,250596
1150,117942
737,91207
1884,179823
1490,145269
2383,248173
2079,212003
563,42170
1789,168652
1103,103143
1943,204215
2887,296307
2368,248634
1798,173569
2774,269529
1749,180846
2463,264613
2167,228427
2917,299900
1307,131403
1548,168856
1198,120713
792,71140
2903,283949
1337,143234
2682,286172
503,62675
1750,173724
1180,116107
2992,287627
1941,194688
526,58471
1236,140105
2796,273141
865,92820
2471,229966
1961,209170
697,74406
1429,158901
2171,234566
1106,124802
2620,278296
746,87779
1659,156869
2231,239156
2761,278456
2650,255148
2875,282756
1095,120016
1747,184964
2804,281100
1631,175598
2493,253813
2503,254945
2521,249680
1916,198986
2207,218733
2082,189984
500,55068
1191,138134
2074,216011
1613,172205
843,88704
782,63657
2580,269870
2389,238501
928,80299
1327,117198
2349,220909
2721,273406
2269,238217
593,54129
1925,187283
2967,300606
904,95347
1441,134437
1709,160061
1475,137895
875,83843
997,83731
1938,211665
1889,174583
2379,250215
1238,125980
919,80317
2475,248375
2062,198725
1898,183859
1546,160694
960,113281
2338,238342
1968,186382
2542,253303
2652,266919
1140,97903
2433,256734
827,70096
1106,93142
2042,210752
1938,174635
2051,198237
2717,259125
2714,281208
1833,180677
1094,96487
2205,218942
834,81057
1241,124202
1743,156646
600,48390
2963,279018
2769,277951
1702,174784
674,52711
1105,99067
1280,142390
2269,221367
1348,127871
1590,159318
1980,198486
1511,149542
2673,268448
1662,156319
1124,106059
1679,173996
1196,127762
821,101383
2996,309756
2551,239322
2247,230583
1402,150679
1127,110038
1402,157926
1334,130944
1104,124845
1369,122314
1633,168554
1853,179894
600,40810
1194,110715
1345,135786
2441,241874
2031,201134
1171,133665
737,92865
2798,298342
2940,284612
1805,190915
521,49443
2977,315984
1753,188618
2506,262531
900,82642
1677,159431
1506,168332
2201,227981
1909,189151
1913,188777
2234,220117
2944,274830
1086,98356
1450,149588
1330,134597
2108,206147
2747,294614
1199,106885
1694,181131
951,93837
2686,274707
1254,126923
1837,199754
1869,177682
887,73752
1649,156945
1721,170006
2222,216311
2424,243066
1209,136992
947,80476
850,84218
1164,126768
825,95346
924,79423
664,48643
1701,153242
1173,129251
2438,227605
962,112219
1253,137886
2473,241822
1247,117961
546,58897
837,95000
1681,155956
2338,217189
788,78956
615,53675
2123,213285
909,75087
1122,124368
2100,190113
646,55185
2299,235980
1572,153244
2841,276237
616,47146
2017,198904
2084,219556
2657,270396
2502,235242
2727,275085
1809,169033
1015,120883
574,50894
2411,244609
1566,174063
2022,216973
528,42070
1934,187358
2852,291721
2486,235261
2138,227263
1277,119699
2269,234595
1357,151885
1904,193345
1385,119231
1112,109264
590,61863
1592,166267
1117,103033
2046,202664
512,45766
2140,220419
2773,289531
2969,286720
667,79089
1428,131527
1902,200404
1422,137718
599,77520
2854,282590
2892,296504
2312,233297
1234,120695
2108,217498
1798,191818
1933,207375
1420,148931
2159,229560
784,75502
2188,200639
2720,271793
2849,273344
500,45735
2686,252932
1207,117983
2426,234360
2255,208689
2391,231604
2989,308563
1686,168271
2598,274613
2790,298965
1370,148254
2568,273688
1130,119691
2676,277945
2008,218214
2913,293636
605,71555
725,67837
2307,234333
2699,283366
2432,252451
766,73224
1786,185435
1114,124531
831,67885
1894,190265
1865,176363
2918,292800
1169,116899
2045,185136
1127,129770
1468,149055
889,79499
681,62083
2783,265661
693,80750
2880,274552
2185,207900
620,56923
2310,238377
2893,285219
1025,96245
722,83673
736,81618
2653,280401
1112,129060
2076,217090
1422,126850
2691,278792
1459,137619
595,48064
2900,279952
2756,262987
2836,268135
562,43580
2942,299177
2944,299050
2129,202080
1937,174410
2894,275088
2523,234603
650,57349
903,105313
2937,294652
1095,93256
627,50490
2008,189743
2297,232496
1607,162780
2522,255053
1659,174648
1092,93976
2961,312352
1524,138828
1073,95503
2871,286137
2404,248152
1981,183604
616,53996
1241,112982
1324,137738
1842,174851
1669,173708
2409,248544
992,101807
1714,156371
2627,262848
1242,143384
917,80238
2424,235277
2776,261209
2363,252117
2914,300991
507,53714
1290,118793
2390,241974
2706,277392
2282,224908
2116,203909
1679,172120
995,107885
1126,109634
2507,259525
2370,238685
1298,125679
2638,278459
2838,274742
2373,236178
1124,111806
921,90152
1592,161067
937,99396
2649,245390
1287,131855
2245,232021
1721,169174
2928,275895
600,43136
1909,199842
1265,111071
1681,186193
1401,156233
730,68714
1004,94098
2460,262978
2803,261530
2296,241233
1160,102121
623,49495
2864,296503
1774,174535
2129,222149
1181,112493
2076,227355
2736,276313
1733,165819
1191,125732
1820,173022
2607,254806
2002,217489
2773,286948
882,107871
2764,295565
1008,97997
1908,189583
1611,178630
1891,172929
2995,294961
2958,303389
1229,119873
1869,206589
2764,259749
2027,211374
1625,177555
1821,170708
2437,255194
1634,172265
874,79997
2314,230191
2667,253920
782,96662
1060,101594
739,77827
1108,108010
856,99368
2374,239176
1929,208954
2034,185216
2809,278049
1112,125770
949,100688
2153,198398
1071,113365
1401,155197
2809,275817
2586,262435
2636,261200
2243,236845
2918,285882
1789,160381
2130,203446
1791,171171
897,79323
2629,253119
1678,166668
2211,202321
2134,209818
2057,224067
2206,237158
2989,285236
1669,156364
1113,102281
683,53209
611,56217
1750,193420
2645,260484
2786,262077
2951,281154
1535,158900
2061,190860
1621,172211
1875,173281
2849,278944
551,59140
1540,165041
1271,130235
2382,224270
930,91480
1937,181742
1270,134621
1145,129007
1901,202343
1943,182624
2728,258940
1883,190936
2811,278714
1261,109676
1447,161235
1195,120406
1125,106572
895,96731
2999,291719
2241,217740
1004,90379
2360,253782
2919,278595
1709,167318
2897,290471
1407,135536
503,35856
665,73890
1915,193703
2321,240168
1602,155097
1023,114481
603,56875
2227,220155
1199,139054
2677,270185
2438,251058
1808,184497
948,111405
1353,115527
2109,218838
2921,299583
2471,233727
939,101663
631,63191
1630,157345
713,63505
2114,208972
1333,116670
1344,134352
1791,159604
1805,163150
1883,173437
2303,233490
1358,124405
1249,127172
1942,210534
2421,255075
1156,112133
2010,185690
1308,126099
2876,283075
2753,261979
1630,161746
1095,116263
1254,116718
1940,190612
1419,139332
824,85064
1939,182070
1162,125067
579,60848
583,53467
1534,155540
2024,212888
2141,204259
1348,129568
2569,251207
2231,234213
1860,170271
1844,173642
1653,178845
2342,238899
863,92741
1519,143576
966,114006
2886,288615
1197,117525
1411,121217
1807,182937
2764,280420
813,100521
2764,296072
2496,262103
2817,290708
2438,241529
578,63893
2312,238633
2107,221419
2219,226464
2783,271242
2592,255139
2545,236578
2123,198083
2495,250118
2113,216897
1010,90655
2131,232402
610,43467
1040,101691
2229,228388
2597,253818
1445,137976
2891,298356
1998,217083
2276,207927
1718,180559
2821,295182
1844,184435
736,62667
1162,105881
2627,264052
2622,279956
1686,187804
2185,218952
873,91061
2974,315200
1907,209012
1111,116399
2333,246355
2287,221503
2852,285020
1907,187596
2174,208440
1848,195397
1797,164028
2130,220399
971,95729
2833,294163
1114,92384
2159,224294
1727,180935
950,100536
2792,273786
2484,237010
2532,256272
901,106258
2204,202238
743,65886
2130,221984
2446,243063
2309,228900
2814,287790
2181,237194
2679,274666
1297,122151
964,107699
2774,267234
945,82484
2382,255499
1624,153894
2682,263410
532,64490
2155,212354
2922,289325
2281,212660
2841,274181
1807,182864
1575,162586
2114,201551
2122,211454
2131,216492
2556,274304
2515,252669
1942,183383
686,71469
2419,229196
2000,219487
2659,252893
2095,198249
747,69083
1504,160104
1531,167906
1812,182112
1247,127269
575,65053
1564,164295
1524,169349
712,62565
1633,169508
1689,171966
2979,294033
1073,104623
603,54320
2470,248816
1080,89609
994,86496
1387,154181
1656,155727
836,97864
665,78562
1234,120494
873,93041
2018,208387
2468,264956
2164,201650
2085,191144
765,74951
2598,254811
1700,156998
1024,116723
2456,255033
1623,174586
858,75519
1560,174637
2150,217499
928,82972
535,65448
1282,122779
2577,260021
560,74224
1516,153094
2321,246915
655,67940
1557,167710
935,85028
1935,191661
556,47524
2825,275024
1179,134459
2789,295986
1457,157623
2094,211761
2316,222324
614,61622
2996,290718
2518,234711
2561,273127
1269,129885
758,93216
2358,246873
2695,288011
1984,201580
2075,194677
2113,219495
1806,185650
871,87673
1664,181979
1460,161246
2805,283447
2836,288989
2034,190435
1589,143769
1729,191725
2887,307794
920,100187
1833,165648
2234,228409
1149,96605
1681,165454
1193,121406
1054,118252
2949,288549
2583,240953
855,73633
2220,210386
2230,226651
581,60391
2586,255215
1049,97827
862,85949
1052,124743
2403,240558
2168,207094
1959,193973
2954,294426
1042,117330
2299,223895
2124,225085
739,61824
2435,255783
2942,284185
2523,238370
2348,222883
2521,257450
2438,256596
560,68221
524,66287
660,66304
1906,183245
867,94971
616,71911
2520,250532
2526,237751
516,36785
1448,135290
2766,267221
2756,285594
1314,119795
2376,247515
672,85567
1643,152148
2091,217004
1878,182843
2849,296966
1861,195784
932,95063
2507,233237
1913,187003
877,78202
731,61378
1237,108624
1381,129281
1494,164340
2320,231748
2616,274464
2288,213636
870,103370
1898,203514
2084,204553
1623,181691
2105,223778
2485,234641
2135,222699
2619,255940
629,47786
699,66094
1624,173143
1935,173661
596,59429
2079,223333
2902,290021
1825,177299
600,74835
836,69822
612,52758
1389,148633
2759,266943
872,86923
2006,181470
1375,120216
2937,306254
841,67857
2828,274273
1526,172065
1632,155016
2751,272622
743,90330
874,101613
1363,118915
565,55682
2918,286603
710,58571
1635,175557
2403,225009
2745,287856
1301,122626
1654,183368
1039,86813
875,69475
1339,117514
2528,234939
1943,180674
2852,267635
1445,148437
1348,153214
684,71851
819,82103
1966,200161
1401,126535
2343,221290
1774,173426
1073,91664
2593,252408
1492,146537
2098,203285
1749,162914
1856,205117
2097,208119
2718,281363
1259,107773
900,78262
773,86133
1840,201078
2189,222751
1666,177064
1377,143357
681,53458
581,38882
2746,280044
528,53347
984,94788
2888,275124
998,88951
678,86211
2729,274545
2302,232016
1938,183405
2351,227189
1666,155698
2535,263583
1956,193746
1132,99722
1905,184129
1580,151953
949,96804
2396,229751
2691,281757
1131,128922
2856,294708
2836,284960
2498,248378
2065,194073
2599,247730
937,83240
1716,172943
2702,274139
1992,200369
2937,294317
2926,303994
2821,294586
2488,258743
2860,269934
2708,265568
1765,163539
837,92610
2108,199016
573,53690
1240,138568
1939,200260
2898,300849
864,78554
1239,135644
1940,201194
1794,162166
1073,98106
916,107915
2860,294186
912,93378
671,74874
1621,150299
678,60298
2656,256751
2364,242157
2969,281507
2550,262856
1285,111377
643,57150
1207,113441
1865,183486
2020,208977
1254,137360
2393,223833
1734,191962
1323,124790
2725,268694
1550,139673
1260,145851
1144,123577
589,44287
1550,141563
2791,295597
2119,228612
1158,133120
2895,277980
1907,192397
2016,198500
887,85293
2182,235507
705,86179
2599,244160
1061,112961
2182,229003
2816,271097
2779,268169
2613,251930
2636,256331
2820,273245
2849,268232
2931,282061
2767,275720
665,63532
934,78809
2956,279857
2468,250727
1728,165117
1528,169366
1508,161327
1447,143700
1698,156139
2942,303219
1370,140848
1921,179000
1226,110900
1795,196633
1474,128514
1727,186664
979,107108
1311,135006
1992,202428
1654,158191
2161,222938
2668,263665
2164,218902
684,66806
1478,148564
2738,261756
1263,118952
1613,173080
2176,215272
2866,305815
793,79529
2707,281962
1387,135007
2863,270191
2028,214034
839,78448
1884,181544
1901,190048
1576,158989
1797,183591
1140,100950
538,60076
2006,219630
693,65950
2762,291761
1646,146126
2058,188155
731,69478
2034,217339
1845,191901
1865,170545
2358,236353
2068,224333
2982,287283
1850,193983
2537,268612
984,104418
2699,258662
2670,270710
2630,260188
1626,150178
589,64156
1250,128354
2627,260587
655,77203
2037,198068
2813,279749
615,62435
2373,241115
895,90929
1588,169152
2795,295979
2359,237254
554,67430
1816,162102
519,45118
1507,131109
1224,118610
1693,183805
708,70210
2733,289800
2644,270725
2826,287854
1655,181665
1916,209606
1330,149753
2384,219368
1693,154181
2366,227098
602,80066
2128,204560
2656,272777
1407,134809
1430,153560
591,44296
2341,234117
1083,88987
1947,176865
1529,139594
1597,151557
2380,222479
640,59684
1749,176610
1218,104025
2529,262036
1528,141071
2442,225639
2216,220945
2614,264455
2876,294674
1051,93209
835,73817
1162,131369
1741,188008
1415,151423
1297,139711
2301,213808
2647,255343
1779,158928
755,58775
2165,215865
2789,263586
1835,173176
2046,204926
1804,181562
1875,207229
1567,158744
1487,139536
2177,199626
1474,128886
555,37276
2553,254417
907,79662
2590,245136
2139,226485
1881,185023
1370,142437
2111,204702
2409,223228
652,80573
2057,209454
2514,231893
563,53712
1869,187114
2065,200488
1692,173869
997,105630
2910,307394
603,49295
812,71282
2690,276340
1812,186309
2741,290522
1645,172854
873,76667
1333,149523
2584,251953
2286,225038
2573,257193
2620,255252
2598,258458
647,82157
2231,241568
2942,306098
1448,156072
546,72239
1751,166494
535,51921
2757,281398
1675,158861
2609,265647
2153,214615
1705,172208
1024,105402
1953,205931
1006,97864
1955,201409
2658,258078
1179,107130
2183,224058
1758,157542
2401,222126
1446,150093
1094,115932
1986,193360
2543,243757
1613,149088
601,41890
2924,276247
684,54179
2582,257914
1486,146680
1023,106463
2908,283746
2968,279421
2501,247178
1747,159573
2340,220470
1086,89645
2070,190541
1214,114273
2916,290143
2046,199665
1270,116718
1901,191024
1507,142675
575,74624
2466,240025
2820,268108
760,73115
1415,142425
1093,100788
2930,300279
1164,128778
1791,174513
650,61197
1743,158088
1142,99116
1404,158860
1596,155787
2253,213266
2842,302223
2088,212564
2892,301234
2963,295270
1255,118759
2751,283342
2299,246397
1822,198744
2735,281258
810,83070
2493,242232
1959,179974
2317,249644
2349,223821
2893,306901
801,68704
2124,229642
2471,238730
1839,181613
2464,228904
1678,151340
1133,114293
916,99989
2322,218852
2178,229187
596,43867
2225,204307
1013,108872
2979,308117
2913,308956
1539,138964
1726,167812
2633,251581
606,63882
2130,216523
756,95198
2117,221871
1743,158973
1450,126224
2929,275073
931,76061
1290,133871
872,90758
2518,263186
1330,130648
2720,286177
1221,116720
2788,293773
698,57812
762,77033
1917,208038
577,48609
2220,235966
2941,286994
969,116181
2358,225007
1634,155264
1688,171727
784,62471
2024,188523
1470,131397
1392,158581
1665,184430
2038,201358
2969,312460
2258,206856
2039,194085
611,50536
2518,244965
2279,219832
1094,128962
1318,124877
2481,265679
1478,147633
528,57199
2327,225125
809,79637
1883,203934
2078,223595
697,57138
627,61074
671,81249
1607,161977
562,57613
1743,156984
1239,122505
666,46680
2579,277382
2383,233921
2349,227782
2919,305853
1375,155347
2903,286990
2798,271569
2344,240301
779,78808
1646,175751
1328,136122
1315,122810
2179,227966
1560,173594
2485,265914
2521,245745
1310,121566
1012,89683
1233,105993
787,84267
2564,272296
2487,229934
2830,276246
1786,169828
733,83872
767,89819
1393,127783
1823,176119
2871,271962
1032,83807
975,101582
1011,94472
2000,184579
770,58843
770,90246
2628,255156
947,79735
873,90098
543,70108
1416,127872
1519,170986
1814,199093
1802,182467
941,87624
1500,166549
1292,139292
2890,284801
2821,262615
1749,156740
842,71233
750,81277
2302,215082
2065,204109
639,66592
2706,258859
827,67371
1490,145584
2590,241449
2875,304210
1165,126811
992,90979
1322,113971
1642,173556
839,70550
2573,243903
2721,289517
1901,182687
990,97404
1384,120527
1351,148730
2797,263156
2709,279204
2992,294091
1376,123014
2043,197917
2713,280181
854,98695
2820,268198
2209,205681
2012,216957
2357,250659
2749,262002
2635,265243
1848,171508
2828,269554
1530,143348
1894,195824
1267,122050
2609,273760
1297,116739
1763,173198
1516,158366
528,60728
966,114448
2185,224099
2632,283155
1801,174535
948,91307
2914,281931
2935,275453
2345,240304
2555,267910
1900,186143
2528,250632
2934,292957
2041,216775
2425,246905
1605,176490
1757,163566
610,73685
1554,136142
2295,229983
628,54911
2385,226909
2848,267555
1760,179610
2802,281596
2961,302653
2127,213459
1430,129787
1510,162585
1752,177667
1711,181445
1545,161538
563,73804
2258,223671
2137,200126
2243,224228
2691,281275
2273,220929
1760,179130
2473,247430
1985,185104
2230,221005
767,62398
2429,247505
1447,150308
547,44000
1272,126368
2430,240465
2802,275716
1146,126763
2748,277584
992,90389
518,43814
1526,170731
2745,291054
1005,94199
1753,169746
2136,212604
862,105608
2705,278554
1679,157993
942,89122
895,86964
1852,190850
844,82612
2039,219173
2148,222563
2559,261989
631,76090
2480,252747
2459,230093
2034,210308
2505,232649
657,67970
567,45721
2092,200573
2751,275674
1603,180293
2849,276613
1102,126186
2627,247562
1535,144947
2681,275687
1426,130958
2104,215131
815,99879
1044,123035
1137,131555
1057,121277
2833,273786
750,66488
1679,161053
1295,137893
1553,144222
626,67535
2620,280444
1599,167373
2645,256485
2282,247273
2580,269544
2214,240742
1722,174990
2834,267727
2186,233380
1647,179664
1815,192093
968,81617
2099,225299
1272,111189
1189,113405
1384,134676
1681,186818
2227,230038
1103,120515
860,85261
2638,260256
1085,107813
2470,262797
2771,283139
2309,247402
2235,212933
701,55646
2256,220821
2596,277785
875,102649
2866,281406
2841,277063
555,57589
1954,212227
2586,269059
1061,97632
2812,289502
1717,187027
1846,195290
1586,153652
2564,272601
1713,180596
694,80473
2963,291908
520,70614
1624,161013
2306,222687
552,58178
955,103110
2425,257380
2150,226290
1250,115132
1319,115701
907,76484
2285,215159
1359,148009
1274,114379
2237,228014
2668,262990
1589,154703
1599,143670
1355,125234
2234,240344
1560,171442
1408,147487
1431,128078
562,45871
1977,203704
2354,232746
942,81681
1088,121082
2932,286430
1525,134526
2248,210736
1217,118270
2126,203190
1636,162600
1673,178836
2114,196133
1793,169658
1500,162513
2397,257767
2949,281540
2809,277790
526,47563
1935,198870
2273,240143
1025,113993
1068,116868
558,58819
1738,157542
2768,295659
891,102013
2830,296086
2821,265262
2079,202443
2979,305541
2673,258753
1872,202056
2554,257871
1403,120630
2028,184171
2574,246245
1215,115208
1617,143591
933,85151
977,83585
2988,308463
939,84008
1232,142614
651,71187
2173,206389
903,82221
2288,240073
2476,255858
2418,228878
1145,102004
559,43132
1998,211468
945,87002
2323,229479
1466,128765
2893,299926
2181,231020
1171,115758
584,55426
590,47990
1563,166507
1257,143401
2726,283827
2110,230640
2842,289237
2927,273101
1051,123537
627,71838
513,52102
1687,171635
986,106600
2415,246621
859,104791
831,69679
2532,250370
2346,234482
1944,180129
1606,145505
2751,287816
2710,263417
2478,237126
580,60844
1040,123079
2941,277484
2393,220546
508,40120
645,58784
2276,210738
736,79836
1744,167041
2189,228527
601,71959
2223,221322
1903,194587
1517,135843
1583,139212
1710,151559
1807,166326
1022,116987
2487,252674
2481,262989
1284,144113
2555,270715
2615,247408
2351,216520
2920,301354
1011,112923
2968,299124
2976,278619
2282,210639
2462,239902
2616,244809
591,64726
1281,115626
828,84463
1874,204561
1664,154804
1110,111955
2423,232699
2780,270902
2809,293192
1963,185406
2217,226558
778,62203
857,69332
751,60890
1432,129423
687,62979
2938,282457
844,89716
2112,222359
1541,160018
2131,224058
2084,190122
1456,162927
2163,202670
1297,110026
1365,130377
2397,252860
1764,158847
2049,196883
775,61326
541,56864
1728,168891
2599,241839
1631,143942
2692,281893
2050,224406
1176,123680
1656,170052
803,84047
2420,230872
754,88049
959,105468
2105,207687
860,105580
994,94086
2308,229301
1796,179793
2302,215182
2103,203847
2822,275301
2642,259821
2323,229153
2974,290213
2595,272617
1493,154847
1854,181741
2656,250650
1555,151370
1095,90185
647,55134
2459,229491
1109,108786
2792,271611
938,95346
1646,180158
2738,271540
2752,267952
1412,157197
580,72631
1658,151542
1976,210911
1313,138084
2194,232043
1088,128034
2415,235852
1193,110723
1102,103638
1926,182955
1132,104487
1654,153297
2786,288579
781,71121
2483,237795
2841,295561
1441,153580
607,58083
1004,119746
1337,132400
1517,142253
2341,246519
1549,137652
768,71486
1265,132155
573,44644
974,105889
1668,147954
1875,184662
1266,136196
2842,272945
1700,184178
2224,204520
1018,81826
1466,140122
1131,124480
1013,101246
2915,283225
1715,188358
2161,229348
1801,199961
1314,139187
2292,239263
2184,212922
840,78828
2070,218784
2789,285572
2450,259978
2109,223833
2088,195811
1419,154277
818,97687
548,38763
2523,267172
1967,202978
1823,191104
1153,114747
1004,111807
867,90963
1517,158568
1277,122061
1497,137234
2070,222575
2362,249150
1949,209846
1561,172584
506,47009
1097,108993
1527,144498
2623,248819
2961,292351
2626,274696
1223,130499
1806,178665
2911,282942
580,43432
1687,158583
2088,202452
1413,145012
2942,291215
1712,170808
1469,154879
599,66432
1421,143996
2163,198137
1063,87825
835,85437
2831,289811
2680,266344
2651,263797
2789,287367
2985,285260
1504,145677
2058,194465
1872,171358
1530,160124
1409,123328
1729,154597
645,58014
978,85857
1976,195573
2310,249210
1252,124831
1654,171829
527,49568
892,94194
1731,167425
2087,209214
715,64062
2467,252664
2133,218889
760,61267
1384,132853
1150,99060
1896,201722
563,63163
774,72754
2748,264464
619,65854
2862,275966
1169,117138
2908,290971
577,49897
1200,126378
1088,99767
1753,160635
575,48852
2525,239813
2405,238692
2444,227244
2986,305594
1172,97221
992,114738
1778,183923
1510,170001
2919,302850
1638,169382
511,69003
2819,293123
1805,193049
1289,109509
2698,265181
2501,264993
1262,132406
2383,240912
608,54078
956,77138
1359,125511
976,95298
603,56551
599,77783
2962,288809
2280,211315
2282,235921
893,81674
1386,126112
1320,130621
2470,228633
1924,200904
2318,239603
2683,266079
1962,195092
1855,167638
2861,267225
2817,287459
1468,130443
732,72085
1694,152391
2239,229022
1338,124128
2754,276247
543,45621
1077,98372
857,105007
2810,293482
2669,272588
1699,153853
1015,84500
1917,192661
623,47459
1558,141603
1818,162948
2754,277048
2500,251524
641,50457
2378,253326
2594,241215
1355,124435
1305,144987
582,41815
1018,83900
2110,225429
676,87416
1925,191102
754,68444
1671,183963
1935,191639
2535,265720
2264,229412
1431,129906
2813,281661
1245,132307
513,46514
937,90173
1484,144018
1278,131063
621,57308
1823,195540
1913,192724
668,69294
1768,186836
1283,133081
1538,139585
500,37785
1815,194047
2133,207723
2298,224626
1100,106250
1527,170926
1848,204400
1625,171988
2447,244695
1126,128468
2525,269484
925,93450
1281,111397
1637,165835
2949,295005
862,90630
1470,137004
823,83783
1807,163756
1155,120559
2454,233597
1246,141683
2592,260471
840,82788
1064,95678
2445,227004
672,78443
581,77260
1145,113691
2119,210058
1211,132737
755,68011
2360,239348
606,58390
1254,126715
2127,226793
1684,160264
1437,141599
913,73978
1888,195765
554,55581
2709,277279
1029,90622
997,90192
2979,305339
2085,208644
1339,131468
1610,153999
2713,254575
1789,178587
1152,132936
1612,159570
1905,195150
1897,191803
2954,306471
2325,237748
1202,127895
1137,100962
1600,142965
1181,118207
2944,302378
2698,261320
2269,240193
2942,275880
698,60573
2670,271997
2564,259473
2959,289514
2655,266689
1949,199549
1222,126607
1127,130032
954,79843
2661,284081
1214,126575
859,78185
2332,218610
540,44240
594,52475
2646,278944
1071,92775
2447,255337
1196,105386
1454,157770
1811,170854
2674,256136
887,78115
820,79955
1003,89121
2203,205793
1536,158864
2880,295747
2156,210387
870,82782
1443,138316
813,76075
2697,265674
1024,101896
2531,272646
1157,119150
2971,284158
2147,228120
2193,208522
2987,296333
2997,284313
1817,190335
1291,114500
1409,137085
636,47983
2601,264773
2758,258585
2884,293642
2940,310191
911,74186
919,92392
2898,289024
1472,138583
2849,281232
1246,135163
1468,135856
2054,219064
1470,166635
2435,241607
986,94560
2417,230658
1356,125699
2520,249244
2275,245213
1507,157968
2994,296481
853,94997
2332,250200
2685,253899
1852,176319
2531,253404
797,74394
2311,226907
1847,185416
2539,235016
2498,256884
2251,211567
735,68838
1548,161682
2199,225700
2414,241492
1044,104817
1302,120587
2078,223612
1360,131476
2585,245495
728,89524
1350,136959
1579,177206
2398,221317
855,93525
2897,272551
2184,238258
1753,175085
2903,309830
1314,148346
591,51003
2610,271134
2610,259301
997,102890
2799,276659
1374,129957
2706,278502
551,57325
2232,211435
1402,128298
2959,304330
800,87146
2804,260728
2366,229875
1346,121833
1652,160407
2644,265570
2408,221292
2577,273174
2617,279259
1197,130420
1810,184884
1118,103445
516,47385
2411,256054
1727,164008
2557,244510
2429,253626
1600,142262
2228,229252
1755,172437
2448,255101
2282,237228
1355,124079
2399,232632
653,51542
2504,241516
2659,268463
2112,229692
2060,202625
1558,172023
576,51526
1475,160504
1327,145239
2912,274081
2048,186856
1145,106649
2160,198905
2390,244885
2827,286907
2055,200095
2542,259211
568,68183
1725,177939
1443,136959
2494,262135
975,104687
1796,165332
2262,211458
1649,159423
1552,167250
784,91400
1657,166383
2102,205303
1943,191112
1215,118996
2519,247047
2002,191375
2577,244813
2639,273172
2541,272796
949,111394
1841,174336
988,94816
1499,137236
2971,292742
605,61506
2657,248207
2452,243352
877,83760
760,66559
1962,207511
2932,308576
767,75983
679,67114
1111,94942
1464,135467
1232,107690
1412,152261
1384,128569
1594,176185
2643,276540
1526,163644
1008,116330
2708,271667
2773,268100
1946,179552
2386,254596
1519,147038
2883,293623
1651,152084
777,60894
1895,179028
1626,170482
2302,249994
772,89243
2550,270504
2338,217644
1201,120787
2722,287261
1634,171742
2836,275592
731,59980
2443,235877
885,94546
764,74571
2083,213092
1524,139780
663,61920
1714,157597
2403,246202
2186,206812
2385,232293
2807,299158
759,82063
1878,185268
1640,181294
664,50968
2974,298273
866,105273
1544,135266
1757,169922
2681,280038
1523,146005
1194,110082
1241,135321
1675,177922
1170,109704
1741,180060
2427,260897
1152,95588
740,71949
1423,148065
704,86282
1214,106746
927,80107
738,77117
543,42130
2298,233150
1211,128042
1063,105102
1174,122762
1972,205813
2235,220949
1286,116314
1300,147513
502,41835
2100,195980
1394,132488
1264,120253
2295,212796
1394,122723
2510,247521
631,61937
1754,188485
2952,298298
1326,116367
2550,259675
1481,134109
675,55946
2035,221269
610,67032
2118,227938
754,85444
2116,201652
2861,295332
1813,180996
569,37789
1603,166076
993,102723
1804,179063
856,102492
1389,130720
1969,209519
1601,164330
2048,211492
1210,115938
1637,168557
631,51507
1428,127200
2213,202131
2945,289664
575,61703
568,68762
2851,266165
830,73381
2970,277627
1370,120202
2980,291101
2072,226568
2001,191905
1293,113875
1047,101954
1460,140164
2356,217612
1532,170303
1447,137240
582,39448
2924,276472
2053,186464
547,40941
2079,211284
2295,209857
800,66021
2623,264037
2853,294722
1574,170512
1695,179658
1219,110787
1487,147210
1074,125113
2886,294209
1897,170377
2967,299151
841,80211
1424,151058
1455,152662
2773,260767
1613,167707
958,95425
2037,204289
1006,103435
1421,158698
1949,208812
1537,160961
2758,276846
1736,190031
2171,204636
812,77339
841,103813
2585,258974
1954,192050
1735,156803
1998,186751
2219,211056
1916,193816
739,63203
1177,112630
1463,163338
1186,132106
1244,140266
925,98880
1360,118434
1581,162664
1515,163790
1205,101435
1959,185126
1201,106807
865,70789
2233,209339
1454,152408
851,91542
1436,134347
2621,249336
855,91504
1209,125149
1181,123961
1296,121611
1279,135285
1015,94538
2822,294459
2455,248634
546,60371
2909,300854
1635,182791
2703,282455
1578,159867
1213,139649
2951,283059
699,66427
2546,238404
1440,163221
2146,229671
1173,136064
2622,250479
875,72521
2338,215174
1428,131913
711,56320
1947,192879
914,101472
2403,230551
1699,181671
1394,144976
1628,175184
2917,307679
1203,120846
1643,184129
2731,286837
1634,144541
1369,123666
1935,190317
2553,268893
1559,140980
1377,149495
2160,219958
1116,108610
2685,270801
799,66481
2167,212873
607,57009
1994,218904
2270,240291
632,80680
2193,216579
816,67054
2976,300818
502,56756
1593,154481
2083,213312
1728,164176
2181,235473
2627,244981
2077,215234
1420,131924
2039,209277
2916,277928
1683,177397
954,108835
2547,263806
597,77987
2395,256786
1842,184509
2738,287097
1451,154506
2655,272827
2346,245825
669,83884
1834,196473
781,96125
2938,279969
571,55177
1459,152974
1873,177028
1266,115225
2074,211169
2487,255073
1787,159353
870,69853
1419,160896
1297,133871
1831,189498
2220,218828
1823,199477
926,95564
739,92194
2537,253249
1972,213892
1907,195341
1580,147257
1667,179844
836,86214
700,87264
861,104936
2184,231347
2225,206833
691,55381
1951,175594
909,78722
628,69398
2671,280537
2853,294950
2971,301170
886,88111
1722,167113
1281,111812
2312,241310
1384,118449
1156,130404
1714,168102
527,72637
1402,120708
2912,281387
1054,93239
899,89900
2480,229354
1018,95941
1105,117246
2403,259608
2445,251662
2112,213476
2612,241377
1458,150326
550,71756
677,56591
1936,210094
1518,136206
2997,310808
1574,141555
2939,307998
2524,253131
2865,283151
994,104317
1674,158081
1282,121450
819,96329
2003,216714
2377,241903
1064,95945
891,70308
2952,304286
2936,304759
2692,275023
2262,228560
751,61196
1379,122985
1282,127877
1507,141211
1243,142629
2563,249477
1154,102191
2430,233442
1258,143866
1096,91390
1629,156636
1064,86986
2001,201259
1335,127323
2792,297388
2336,233749
1742,156120
719,53157
2294,238025
2736,270440
2614,269269
1249,116269
2576,261844
2797,259860
2403,229306
1592,155827
1560,144565
2373,234937
1548,148415
790,72488
2534,249172
2493,257158
1816,192682
2973,284712
762,60838
2835,292844
1006,106911
2150,197790
2787,260301
1504,150578
678,56693
1284,136176
959,94928
660,52592
2394,234813
973,84762
1050,117002
2833,288647
2119,213842
832,84338
2438,236902
1588,173346
2973,293947
1674,155328
1182,121240
2552,270239
2680,258040
1926,186536
2562,259587
510,47743
806,93023
1489,131723
503,47466
2118,193222
2910,304151
1570,171659
2999,298939
1070,114515
1143,109134
2746,259331
1164,110132
2219,226426
2991,309937
2199,212009
1783,172720
2034,205648
2916,308544
1083,112327
2657,280368
1715,173030
2660,273310
1901,188275
505,58334
936,83763
2463,254916
1402,127760
889,79167
732,69907
2110,218448
1147,108984
2321,236448
838,102571
547,34907
2992,302888
2867,299626
2998,293365
797,69970
2065,221417
1620,156336
1320,125163
1037,92233
1159,124168
1769,185181
1103,100547
966,96597
1461,159068
1397,141371
1105,91064
2273,245653
2518,271393
2818,299314
734,62439
2066,203354
2429,238177
2986,283556
891,77615
666,78883
592,61133
2121,192685
2763,264773
1945,191029
1281,136574
609,69865
2204,207843
2858,283905
1973,177432
558,45590
2651,284156
1376,156944
1597,154025
773,73587
805,62137
1613,147590
749,55812
615,61794
1214,129926
2835,270190
1365,127932
2805,290797
2004,192103
2719,266771
1338,122334
1490,148007
2894,296199
2010,216360
1157,109643
1792,183861
1896,190459
1435,132184
2404,245370
816,80874
1498,140529
1682,153511
2781,288286
2275,244480
922,86566
1787,164235
2790,283640
2358,233199
2625,272836
1800,185618
977,80548
788,75606
2344,232203
2987,302121
2528,252374
2988,294375
586,60314
2777,288319
1073,102437
1450,160524
1562,164358
1488,159139
1188,124509
918,92165
2229,205963
2786,262951
645,78201
2838,264541
641,48824
517,37753
2057,217981
726,81829
1443,161935
1690,184726
1683,157695
1360,150166
2650,265554
614,80703
1764,187254
2360,247272
2969,291332
1079,105460
2569,247027
2697,283542
1486,151463
2870,275906
1556,146004
729,86052
2197,220505
1751,186713
2478,241692
1428,125016
2139,223768
1669,184800
1405,130745
2464,250473
2809,293440
2666,275017
821,65295
735,69387
633,76518
2782,296698
696,62974
1450,134440
519,44590
2534,258445
1153,119790
511,69115
1355,121812
1882,176376
1066,103811
1087,119649
2844,292177
2537,265240
1107,98466
1015,109209
1003,98914
1654,162229
2491,260494
758,72891
781,64479
1913,180900
2564,238055
1638,159900
636,81255
1221,127438
1644,165201
1090,118175
1089,116056
1068,117596
2295,218918
1839,165787
2915,297553
1524,171496
1434,128285
2407,252278
2184,212069
1332,122232
823,100580
867,104200
561,42144
2843,269675
1839,201889
708,62974
973,93427
1005,101012
1460,128296
789,89370
1805,164585
1192,135295
1188,122585
2966,277980
2152,210319
2076,203564
1446,136593
2155,215354
2586,275230
2695,277854
1673,185717
919,110859
891,106052
1016,95796
2601,267386
893,79251
1464,131500
2443,245163
592,68108
612,49018
2481,266840
2550,262823
2301,223330
2363,219233
649,48553
1988,185502
1090,97986
2503,266745
1600,150741
1859,193977
1223,121251
2102,203259
1284,114441
831,91032
877,84931
1853,188900
1546,141455
2824,280582
1117,117638
1848,202210
1603,159921
1941,196215
1379,154871
1405,150214
869,90585
1115,101875
2459,228221
2468,243265
1824,178590
1118,96787
2805,293956
2492,263401
1780,171527
2687,266612
978,115622
2399,226629
1353,117201
2293,239581
2030,219042
1456,139189
1094,111822
1384,153852
1115,105287
1548,147868
2616,261708
1730,164412
2804,282045
1172,106442
1265,116724
1255,136573
697,88558
2450,228363
1187,115188
2022,182609
873,107283
2546,264808
1554,146287
2973,300598
2613,247064
1249,114812
1573,162766
872,86690
2612,266286
2598,260334
1083,104046
2062,199308
2003,214442
1650,178965
2684,283980
1425,134593
540,67014
1357,129765
1996,217250
1298,125370
1949,206269
1904,173925
2395,242510
2363,222566
2138,201807
1817,192779
2991,308135
1172,120889
1253,114982
1267,119264
2524,262339
887,95943
2075,207869
921,104320
2030,198148
1015,94189
1023,108947
1634,172527
1664,164831
2388,255050
2459,262063
1066,97536
1578,175939
2379,239860
1211,122222
2223,238657
982,87129
2305,219052
1554,166185
1163,97119
1429,138114
1402,154379
2572,264900
1558,148560
2140,214644
941,87279
858,81679
957,106832
1164,113054
2257,233021
2041,192707
1764,162328
1976,184449
2274,232381
2586,254062
2932,288015
2754,256420
2776,281183
2470,249241
528,43942
1923,203944
1206,121808
1147,131581
2501,233211
2195,208860
541,36206
1987,216589
882,71085
682,63980
2344,242553
2666,277991
2284,233592
1939,192990
586,73639
1648,170816
1336,128903
2746,259026
2616,272148
2516,265895
1732,160386
1010,100967
1962,200946
2139,218545
1521,156577
1771,190670
628,47859
2111,208708
1576,174954
1733,159340
1885,181790
1187,121093
2584,270755
1912,201323
2287,209955
1509,140680
2751,281430
721,66920
1247,111615
690,69444
1185,118275
2334,229970
2708,254319
1397,134459
1248,143077
1699,167739
1822,190510
864,82379
926,91593
2268,220697
1499,144652
2141,195114
2076,193523
868,97068
2372,221102
948,75539
2099,191352
1568,152394
2444,240195
2497,248700
1915,207816
2775,296676
809,82325
1001,82331
1937,189634
1224,131551
1470,163649
1309,125535
1430,161024
1698,166752
1212,103241
2153,229403
1835,194074
2280,209117
803,66721
748,86236
812,77053
585,57183
1610,161683
519,54461
1850,193717
1876,173721
857,84183
1866,192952
2909,303372
2280,243143
1695,173798
567,75678
2260,233818
1425,151209
1733,174663
2805,289925
1887,204866
1627,154013
2207,228049
2599,248773
966,94345
2986,315624
2499,250427
807,77678
2977,280543
1756,165659
632,61333
2412,229720
990,83670
2952,279127
1284,144920
1577,148671
2505,258401
1206,104808
1928,174155
1452,153878
908,86496
1249,135537
2227,235411
1539,149285
2828,267398
2908,286590
1143,131745
2951,300891
1152,108801
614,68921
2366,236105
2941,282816
1488,134945
873,89152
2259,213716
2524,241408
1821,176605
1122,119424
900,102320
1702,167013
2583,271619
2398,232898
2832,285995
2153,226899
1605,168088
2585,246162
1013,83798
2834,276769
1527,151846
2719,264358
2037,214081
854,92745
2341,226498
1308,140956
1053,89628
810,85967
2211,219351
2128,223798
2419,254119
1920,203943
2755,280030
1424,139615
1805,165189
2799,272370
1766,188905
553,47599
1601,165824
2197,227782
2921,278001
1404,130752
2594,249780
1353,153775
2314,234203
770,74570
2804,269378
934,76062
985,89696
2730,289383
1702,151805
2325,246599
2076,190903
1180,135280
2427,256614
1422,161374
2470,233049
685,56180
2053,189527
1138,100007
2814,275219
2847,278437
725,73161
1242,140855
1287,134241
890,88554
1974,203103
1339,121719
2460,239042
1739,174265
2216,233868
2077,204160
1274,124825
2668,275915
1063,101061
1179,116640
1036,87017
1303,111615
1612,157895
2127,211102
1368,142069
1990,197760
650,75890
2006,193343
1427,144217
1023,94102
2227,221819
2238,243083
1838,187025
1693,177642
1558,143595
709,90252
926,100860
591,65584
2203,231454
713,60815
1293,123129
607,62742
1905,208659
2404,253179
607,47027
1997,181360
1483,129530
1208,132231
955,113794
1617,166739
2549,260424
523,50683
2763,280983
844,74096
2893,291190
2873,304018
2442,230094
1604,167390
2899,303422
2228,217769
998,99897
2487,251663
853,96476
1978,198499
1576,154020
2300,237963
1594,151091
1855,198502
1769,173495
1625,161734
2027,197873
2061,204630
2983,310334
1400,136608
1264,144032
2291,214795
2334,214269
513,56006
2303,224193
2910,306449
1780,191921
908,75671
1387,133966
1740,179452
1932,175599
2291,241572
1618,171062
2472,237112
866,81818
2018,214023
1495,138235
1148,126081
1112,106787
2754,294344
2352,252340
2264,213949
1327,117479
1989,213613
1455,133433
2503,234670
1868,193267
2636,262338
599,76016
1766,184756
704,52512
2888,295011
1610,160045
2336,225201
1260,109006
707,58051
1557,175460
2165,223016
923,93412
748,66355
1970,209791
562,74560
2831,283718
1454,147565
2134,208332
1889,194349
730,75747
2445,243080
1860,181727
2035,198304
2307,225055
1604,157114
2136,215175
507,55755
1765,159010
2844,284911
1050,86953
2149,224562
2137,194074
1976,216491
1042,109193
2261,231311
1999,196313
2253,215420
1945,206663
2451,239691
1240,139181
1774,173986
2467,239232
2857,270410
1115,100613
2172,235310
2310,214554
923,93959
2513,260747
758,80785
2214,212460
1733,171670
1116,126854
1109,102578
1527,143712
2574,269000
937,109304
2508,259903
2739,283273
1779,164882
869,84811
978,107950
1127,98069
941,109390
1589,160355
1350,128355
2875,273470
2207,235784
2972,311680
2137,216986
2183,224274
2636,252418
1106,125418
1140,121083
716,60182
865,95013
2339,222307
1016,119721
2612,275214
1944,191487
968,104490
2297,246268
2225,225371
1546,153415
583,43239
1344,149141
2865,283567
2715,255670
904,105215
2990,309933
1081,127725
958,97214
844,98522
2800,287849
2874,295579
1205,135800
1025,107897
2505,237910
1335,125194
2769,273790
1533,166096
1066,104943
1356,117010
2158,209633
1323,152244
684,65304
2824,275913
1991,208823
1906,210277
1079,88144
793,69598
2167,204662
1234,109699
1613,157493
522,68839
2009,197942
2870,299324
1069,114112
994,89380
743,85966
1644,180880
2704,251852
1456,150131
2775,293207
1813,180750
731,87970
1980,191727
1989,191960
1275,139347
1809,173293
2715,264517
925,83297
1813,190320
2149,201722
620,73006
1776,164480
2046,208124
2083,226435
1910,181150
1236,139933
1484,140458
809,96327
1849,170301
2951,314368
1908,205433
2949,279468
971,90190
558,53015
1920,190234
2208,227957
2264,226104
2969,293563
618,48685
908,71221
2209,227618
680,66910
1390,155861
891,96653
2402,255856
1547,150819
2617,279023
2811,264843
1304,123050
2173,229518
1721,156461
1805,176851
1045,112741
1992,218073
2709,276518
758,74048
2052,203248
2353,249090
2150,228745
622,79395
1220,111719
1413,143141
540,38933
997,105567
2265,245158
925,105133
1946,201122
1722,162465
867,81157
1804,168294
697,86621
1533,171754
537,61349
1882,203581
2431,245391
1421,128287
2308,221123
2443,231669
1958,183900
1133,122006
2404,249462
2334,218259
2973,309934
2269,234457
2574,257834
1130,112280
1310,112222
2610,253751
2303,227819
1684,153113
1137,100945
2378,234953
1809,179762
2580,257765
2998,317206
906,101627
1699,168634
2588,267006
2787,284239
908,91945
2922,279362
1511,168717
2178,216208
1014,92449
1719,180914
1816,169473
628,73107
1420,149200
1574,168155
2842,302366
768,78109
1137,96193
1795,198388
526,61830
2443,248412
2220,210284
2308,246717
2886,271549
1441,135382
746,69205
2935,286792
571,46658
2605,256696
2184,203710
2916,300732
1996,194488
2608,250427
1022,116291
1063,88223
1780,182593
2618,252839
1549,169983
1615,152013
2851,299709
2873,283452
2545,264887
2141,223881
2571,275582
2986,280601
1985,203616
2313,217928
2049,187218
2606,255992
2418,223896
2544,258338
1316,128900
573,38972
2564,267009
1975,202130
2221,205798
1850,186079
1481,161978
1168,115593
1290,131221
2413,225315
2725,289020
1272,143632
2486,260369
1741,166829
2258,209088
2879,307899
1718,185706
1855,197409
2173,231826
2583,269797
1146,115701
1010,81750
2067,217700
1807,190817
510,41104
1188,120840
1468,165665
2137,199051
835,91602
2062,221251
1337,130043
2758,280506
1556,136040
1561,150131
2625,278348
2787,268917
2716,256395
1757,156387
2676,248192
666,73613
820,84700
1405,144650
2469,229496
2039,185037
1657,158131
1798,182696
1215,120987
1076,122377
1818,193589
608,69493
1693,185732
2053,210525
2208,224618
890,99694
1322,152043
2971,314340
884,86760
1817,163282
635,62369
2035,221968
2234,233305
2074,209601
1392,131569
1308,118327
2362,234305
2198,227281
1348,127190
2260,214411
1516,142638
1936,179097
1496,168848
2532,260035
764,60872
2598,273974
1932,176837
900,108041
766,72983
660,53197
2940,291209
1711,161963
1998,181912
2654,277835
2255,227249
1569,139290
1485,163789
2184,200360
968,94579
2710,258392
2084,228262
2498,233605
2060,223060
1205,110153
1115,130579
2753,267644
728,86702
2005,200851
1728,173430
2052,214156
1581,168140
1903,183609
2858,305566
1844,202116
2964,287236
990,89942
2703,284185
2244,237148
587,41759
1467,146592
545,71816
2184,219630
2228,241129
1147,129438
973,109690
1292,109786
693,87048
1111,104874
1842,179706
2642,255911
2966,302288
2768,268904
2774,265202
2891,274404
1413,154278
1849,192284
845,104065
2697,282979
1199,118574
1146,127267
2225,238264
1223,120398
2059,187707
1609,141805
1600,167885
1584,176383
1406,139427
2733,289361
2105,198973
2203,207161
1383,148572
1982,184721
2993,298317
2894,272650
910,89747
1128,127833
711,68463
2882,300262
2016,220739
2867,305861
2684,269364
2254,236490
2919,295743
2908,308777
673,77042
1665,147553
1402,156353
863,75746
2800,265175
2108,208941
1242,122780
1575,176110
1122,101283
657,74692
594,62590
1788,174393
1119,122382
2998,315379
2604,250149
1859,169993
940,77805
2476,266250
1305,143403
2206,234543
1881,199947
2764,290334
761,59069
2434,243706
2220,203860
1750,161879
1919,199739
2436,224950
2195,225864
1766,166692
1088,99895
2996,302223
2481,237291
2390,221543
1076,89662
1132,131481
557,61324
2180,215267
2419,234193
1144,94812
2039,208059
1234,112209
1907,209090
1313,127118
771,62890
2777,280182
2781,295021
1641,151234
2256,226558
2127,222044
683,79573
1711,190132
1173,102192
2815,283494
1793,170819
2939,275842
1623,166092
2914,276974
2844,290873
2219,235690
1758,193658
1807,164453
2845,266863
2042,191808
2000,208828
680,69399
1858,188588
1939,191689
2938,312815
1045,89682
883,100757
2286,217548
2418,223529
2594,261796
1139,122027
1038,89319
1575,174689
1684,181277
2287,235006
2338,236483
1147,105806
1189,134938
1307,148228
1785,185110
2137,222728
2458,255861
2081,194593
1163,98678
768,63624
1149,115410
2705,263398
2705,251676
2561,273790
1099,104209
2316,232444
1149,119225
1945,208207
1964,181891
2239,226178
2890,279871
2736,256986
2137,214725
604,44762
988,102594
1704,186840
1065,109306
1442,125866
981,80870
955,111334
2048,199978
1725,160330
2978,313952
785,73933
2816,298322
2219,225174
1572,138055
746,55075
2582,253358
671,54006
2276,220615
2987,297829
2557,273762
2987,295884
1521,155884
2180,236793
1335,149820
1315,131011
1224,136548
2636,245253
1007,106809
2350,225248
1304,117025
526,40390
1518,150448
1290,113132
2082,219723
2375,247330
2797,289677
2566,268582
1619,164689
500,45527
2191,220005
2596,251497
1226,139655
1000,81945
2516,236129
511,49629
2252,208330
2704,286829
2844,268355
1725,184424
1986,186325
1278,117023
2237,224387
2913,302269
1651,154824
1614,170379
753,62135
764,80626
2774,259287
2383,219990
942,88259
745,89497
2823,275424
2968,307321
1136,128786
1854,176881
1829,177172
1158,109122
1996,212526
1475,130301
1317,147404
1490,165124
2817,268752
935,83089
1924,189602
2987,281524
604,67605
1505,151477
854,101031
1797,180500
703,76011
668,51299
2245,233928
1691,187935
1277,109377
863,95892
1288,143210
1453,137350
1846,178228
1576,146843
1351,129641
1971,213716
1896,205878
2171,213859
2744,290978
1512,169667
2703,271810
1676,156247
1502,156794
1148,124801
1056,112082
2254,232155
2774,294492
1567,147545
2496,231151
2044,222520
1180,123169
788,92048
1972,183657
1221,118713
2240,225700
2052,224992
617,78019
831,102036
1744,164253
2087,211496
1972,188999
2402,228692
1232,118454
1432,134135
1584,169719
1221,129707
1677,158278
1421,146669
2296,231596
2430,225636
2645,249235
725,87930
2914,297256
2199,233195
2276,225582
2120,207984
1401,121631
814,63025
961,104165
2962,305233
2943,299222
2669,278751
1550,135277
595,39844
2510,252025
1062,114369
1753,180305
2987,314191
1776,195842
1299,123505
2490,236383
1447,154759
793,95073
1440,156450
632,48614
2007,217287
742,82233
2437,260913
992,88996
1037,120994
2292,233353
2490,263935
2263,220421
2908,305683
1607,171542
2647,271220
1227,120397
1293,116164
1736,175739
928,74665
1994,180452
806,74326
1155,114361
2035,189544
1599,159291
2318,233246
2496,269000
825,77205
2605,275365
1025,83451
1263,124871
1775,191594
1102,105072
2098,198586
2768,287736
2103,208051
1959,182654
2041,188713
718,86950
2069,199179
2677,248755
2004,196143
2632,282610
2019,210436
704,74694
1811,199426
2935,279213
2791,297412
2120,206720
1918,211379
1703,186847
2621,243386
2489,247864
641,45646
1966,211161
801,67645
2701,264089
2996,313383
1768,160886
2763,270369
771,94709
2041,196516
1322,139558
2267,218208
1211,121589
2481,246741
963,96458
2239,234929
602,73853
2280,226425
2740,291144
991,84898
2182,225822
2298,241203
2776,272977
671,75185
2277,218472
1428,156601
2763,274123
2316,247575
1574,161042
1916,204423
617,45114
2119,229244
758,86268
528,55667
1772,165999
2561,237258
2302,237315
2407,253583
1895,169861
994,93075
2322,231063
564,47935
2911,280536
1723,169457
2871,269795
1138,130851
1890,169996
1652,146912
2940,283491
1931,209868
2056,192053
1269,112529
1210,126266
2786,262226
824,68861
1694,164349
855,91240
1648,157196
1763,193516
2706,261803
2586,255005
831,77241
1366,138861
2027,207394
2231,219782
1893,169785
990,112230
1530,163172
2069,200009
2546,257481
785,80560
2889,271864
2344,233735
1098,127972
2639,253318
1719,175533
2405,240992
2547,268026
2651,248129
930,90650
1867,174674
524,64140
897,80773
2964,316198
2580,273267
1766,174302
2021,190288
1881,178271
2839,270194
2925,302312
2632,273265
953,111493
1404,159859
1329,143568
1248,142296
571,39985
2926,283261
2769,257868
1432,153022
1169,126265
603,42149
1930,187856
2615,260585
2683,259873
593,72422
712,88465
1930,208327
2698,256162
1993,207324
2082,192563
2843,285542
2710,271649
2096,227180
1523,171604
1988,190157
1409,142494
1040,113459
513,52797
1941,197840
2158,218025
2625,264595
1649,174922
2761,267654
2127,230116
1067,101805
2633,247474
966,102864
1103,127263
2289,245193
974,97843
1803,188523
1288,128839
2494,231890
919,102150
1930,209948
518,53563
1396,129923
1697,155749
1654,185364
2310,225768
2884,298334
1111,123262
2304,212274
599,65470
2579,246651
1573,144969
1392,148997
2346,229466
1232,132691
2584,251457
2647,253670
882,100738
1038,97929
2338,234643
2566,275354
844,99591
1744,190716
998,95638
1799,198082
2294,249303
798,82248
1061,100122
1289,130098
2410,255178
2245,225173
1003,119359
578,68098
2413,223499
586,63029
1731,174467
1254,132351
966,114641
895,94901
780,89065
2783,291330
2589,247190
1712,176972
1631,160563
2211,238767
1920,174991
2176,224466
801,77422
1049,101209
2886,287219
2748,289912
2857,268849
1052,95018
2836,285554
1773,166212
2918,309255
1291,140587
946,112054
2602,243549
1533,158288
2006,190849
980,84920
2106,223905
1515,167089
2869,295182
789,58956
1429,156350
631,58174
1354,128708
857,89536
1190,104258
1015,108293
833,68273
1942,194430
1347,118079
981,88738
2276,214837
1776,186192
2861,283334
1085,115670
2032,212433
1842,191979
2644,266321
2441,225218
1496,169441
703,85078
2199,229782
1708,178781
1952,202461
2230,230159
2644,264339
2640,254044
2136,203117
2903,281254
2833,302301
1713,176458
541,71853
2507,261669
1433,131108
1203,121517
1681,174172
2801,269289
2756,280015
2632,255589
1143,128543
2899,284531
1624,174212
1202,112238
1817,191446
2238,215164
1748,158815
1207,139539
2249,244849
1500,136163
1089,93653
596,41336
2825,271536
1692,177832
1665,161933
527,59201
1046,112501
1908,208553
2091,218091
1261,129127
1243,118160
1700,150046
867,77412
1831,171923
1327,146127
1029,85267
852,100099
2028,185095
2303,237365
1950,193951
1210,134219
1301,145310
2984,285776
581,72366
2814,271422
541,60806
2451,256559
759,63245
1244,110116
1750,173697
2386,232810
504,35955
1144,95239
1075,123705
1248,140167
2007,219745
1866,182326
2514,234847
2011,211478
1290,111026
2635,261316
1829,171636
2666,251310
2348,223803
1663,162957
1536,159558
2500,248842
502,39824
2639,279422
1216,134457
617,43674
2669,280128
2269,209551
1841,201846
1011,100063
2950,282146
1799,194770
2272,241176
765,80189
1124,95612
1280,129429
2021,219923
602,45145
569,58644
842,72140
562,62207
2102,218858
559,48547
2420,225489
997,112217
862,90068
2000,216524
1492,130242
1926,200304
1313,130619
976,86871
699,59451
1084,98702
2122,219186
579,72386
2419,234038
2824,273256
2084,223098
1993,191324
2123,219938
981,99893
2870,288254
2084,218067
2254,232721
2687,264571
2700,267133
2947,296827
2189,210500
2419,233790
2425,256864
810,67254
1686,162199
1681,183615
2688,250485
2848,288064
819,92041
1442,145791
853,76037
1087,104249
1314,122275
2898,295107
1634,152371
1791,183493
2387,235804
2326,227883
649,58029
2639,247887
581,76061
2010,184178
2349,217692
890,101526
689,60221
868,90568
2513,234008
2402,230793
749,72012
1531,153554
1837,189760
1156,125806
2716,254810
2499,263124
690,72041
2046,204810
797,90458
2972,310432
1854,172724
1519,134826
2456,260485
2008,194662
1349,145154
2405,253523
969,102915
1423,123096
2467,239744
1706,151046
2286,236326
2431,233662
2724,267588
1104,91430
1284,112570
2788,258914
1462,146404
1724,154643
917,107632
898,102459
2204,202250
1845,164951
1747,181596
1290,115897
692,79868
2716,251964
2035,197489
1972,180729
2512,232070
2707,266486
1584,162738
1906,207487
2832,295892
2028,191694
2221,214188
2535,253645
1630,158468
2847,294068
1003,100457
2062,215505
1565,142218
955,113802
912,95947
2021,212538
1634,169778
699,53597
957,101609
1819,197677
661,52929
1618,157764
2519,233158
2454,237517
1974,211224
1681,174802
1691,187733
1239,109748
553,58006
2574,240482
2616,256632
2025,199024
2591,258030
2685,255854
1082,97954
2449,226953
2553,267030
2037,212310
1392,153657
526,39859
2948,295828
800,65995
782,77259
2626,255004
1839,197877
1599,150385
2722,274890
1289,109649
950,91495
1713,191105
2958,314742
1577,151758
2916,291248
952,76115
2669,252598
1418,161759
2886,277497
949,101537
2168,229877
1927,200397
1359,136163
1915,203134
2916,276797
1897,207551
2390,237934
1356,143058
1325,132275
1849,192751
1056,104760
1537,171830
707,83615
1524,145063
2661,261123
1959,201624
2232,242335
1162,106708
1131,101017
1107,122394
2648,266579
2423,236199
519,40875
2134,215624
2784,275147
2807,271926
2613,243381
2179,212826
1373,141114
2812,267046
876,73771
2856,300235
2558,275127
1568,153443
2688,249581
1802,186279
1152,121326
1052,106511
669,81834
2164,201051
1583,167366
1704,181499
2703,260860
1545,143748
1600,157377
1655,157764
1470,154573
2575,246443
2789,268194
2892,289922
677,57751
2528,248888
536,43015
1020,84318
1917,179823
983,115070
2933,274943
1928,196423
672,83272
1465,145288
2868,288451
603,75382
2874,300641
1115,118865
1029,104087
2303,243603
517,50410
2130,199394
1510,146470
2405,225623
1280,125276
2328,241480
1172,123546
1907,191762
2665,257074
1177,119480
2024,188774
738,67032
2225,216912
2041,217313
645,52918
1798,173967
2373,252346
805,75743
1166,117130
2680,258866
1372,124379
2125,197602
614,73885
2777,264148
2309,245126
1264,121585
2019,206452
2011,199703
1541,136428
2394,232981
2236,237507
1114,117824
1070,113287
1451,125247
2710,260074
1293,140314
1850,171523
2686,249964
1031,90561
2465,248044
2371,237762
2632,266846
682,63935
2467,258890
2235,207804
1328,136330
2072,192494
928,111485
2904,299332
1611,163248
2711,275708
1616,148007
1542,145166
2584,266438
2364,245092
1892,182491
1371,156937
1025,90901
2539,260889
1119,103077
1801,174598
815,71693
1763,164879
2836,292191
530,59079
2109,201020
2639,267096
2993,283896
1872,174849
1288,114268
1866,182625
2825,273713
1096,114205
1357,138702
1699,176457
1945,179326
2636,248131
1351,144478
2987,280264
1182,130284
2049,191550
1866,172831
1871,173310
1965,201399
661,66762
1932,196650
709,81614
1425,137917
2915,293252
1403,132935
1838,194992
2447,227457
2448,227501
1354,136129
1592,178170
780,85304
1774,178364
1373,133678
2731,267559
2120,213169
1919,207294
698,80196
848,73808
758,83429
2715,278756
2093,207697
2798,299555
915,75621
1267,135067
1163,123701
2169,203471
2219,221683
692,55468
1303,141005
1907,179199
2558,250188
2867,285961
2340,251673
2524,239835
2758,270294
616,41780
675,84432
2481,265763
1662,182039
1671,186705
2733,275603
2487,264308
2039,209668
1467,155239
1532,146321
965,78277
2501,261209
1904,179025
1745,171131
2479,228638
1220,131054
941,84066
1354,130515
1239,140584
2086,190863
1367,148066
1092,112575
617,60317
2959,293623
1827,201086
950,108735
511,59828
1606,151014
716,86673
2676,279388
1121,92787
1724,189262
2635,257592
1013,84214
1775,159090
849,77629
547,65868
2778,261155
1760,176138
934,79515
1477,162468
2759,295243
2673,286573
2253,211748
1465,140072
1007,81214
1250,124850
2377,227837
1046,90228
2278,237560
861,74237
1317,132237
2424,237316
711,55700
1301,129004
1353,138728
2253,243668
2791,262183
571,53710
1964,200000
2162,199883
2328,215393
723,57928
2609,252543
1201,102687
1891,182956
1206,108676
1677,185088
2432,259011
2280,237689
2413,237802
881,82105
2425,249001
1768,185351
2216,211936
1989,181546
1708,155874
2705,267999
2751,266523
2527,237513
1772,190550
1439,129942
1301,127607
2034,220549
2704,252701
2637,266506
2511,241000
1541,168630
2291,224685
1557,149954
1109,93422
1512,168695
1531,147387
2740,255139
768,87475
741,65526
1851,190309
2074,214446
2550,268051
2479,265390
2109,222169
1714,172978
1830,192027
913,76837
2734,269246
1506,157991
566,55856
2853,295118
2796,273566
2372,251810
2323,218467
1373,151823
1371,156627
2195,211932
1542,152439
2503,259181
1360,127944
941,82041
2894,303631
914,74340
905,93253
1384,156815
2518,266717
2161,223513
1332,124698
1261,109191
674,57211
1108,114556
2716,254870
824,94662
1578,142614
556,49362
